﻿<?xml version="1.0"?>
<doc>
<assembly>
<name>
ConfiaAdmin
</name>
</assembly>
<members>
<member name="T:ConfiaAdmin.My.Resources.Resources">
<summary>
  Clase de recurso fuertemente tipado, para buscar cadenas traducidas, etc.
</summary>
</member>
<member name="P:ConfiaAdmin.My.Resources.Resources.ResourceManager">
<summary>
  Devuelve la instancia de ResourceManager almacenada en caché utilizada por esta clase.
</summary>
</member>
<member name="P:ConfiaAdmin.My.Resources.Resources.Culture">
<summary>
  Reemplaza la propiedad CurrentUICulture del subproceso actual para todas las
  búsquedas de recursos mediante esta clase de recurso fuertemente tipado.
</summary>
</member>
<member name="P:ConfiaAdmin.My.Resources.Resources._109846">
<summary>
  Busca un recurso adaptado de tipo System.Drawing.Bitmap.
</summary>
</member>
<member name="P:ConfiaAdmin.My.Resources.Resources._16606">
<summary>
  Busca un recurso adaptado de tipo System.Drawing.Bitmap.
</summary>
</member>
<member name="P:ConfiaAdmin.My.Resources.Resources._196766_200">
<summary>
  Busca un recurso adaptado de tipo System.Drawing.Bitmap.
</summary>
</member>
<member name="P:ConfiaAdmin.My.Resources.Resources._23782214_1949735195350343_1299272425_n">
<summary>
  Busca un recurso adaptado de tipo System.Drawing.Bitmap.
</summary>
</member>
<member name="P:ConfiaAdmin.My.Resources.Resources._87578">
<summary>
  Busca un recurso adaptado de tipo System.Drawing.Bitmap.
</summary>
</member>
<member name="P:ConfiaAdmin.My.Resources.Resources._875781">
<summary>
  Busca un recurso adaptado de tipo System.Drawing.Bitmap.
</summary>
</member>
<member name="P:ConfiaAdmin.My.Resources.Resources._9261">
<summary>
  Busca un recurso adaptado de tipo System.Drawing.Bitmap.
</summary>
</member>
<member name="P:ConfiaAdmin.My.Resources.Resources.background_1">
<summary>
  Busca un recurso adaptado de tipo System.Drawing.Bitmap.
</summary>
</member>
<member name="P:ConfiaAdmin.My.Resources.Resources.boton_de_quitar_cuadrado">
<summary>
  Busca un recurso adaptado de tipo System.Drawing.Bitmap.
</summary>
</member>
<member name="P:ConfiaAdmin.My.Resources.Resources.config">
<summary>
  Busca un recurso adaptado de tipo System.Drawing.Bitmap.
</summary>
</member>
<member name="P:ConfiaAdmin.My.Resources.Resources.configu">
<summary>
  Busca un recurso adaptado de tipo System.Drawing.Bitmap.
</summary>
</member>
<member name="P:ConfiaAdmin.My.Resources.Resources.contraseña">
<summary>
  Busca un recurso adaptado de tipo System.Drawing.Bitmap.
</summary>
</member>
<member name="P:ConfiaAdmin.My.Resources.Resources.eaad3b05_c22d_49fb_ae4f_2d0e4ff7b0cb">
<summary>
  Busca un recurso adaptado de tipo System.Drawing.Bitmap.
</summary>
</member>
<member name="P:ConfiaAdmin.My.Resources.Resources.eliminar">
<summary>
  Busca un recurso adaptado de tipo System.Drawing.Bitmap.
</summary>
</member>
<member name="P:ConfiaAdmin.My.Resources.Resources.empresa_azul">
<summary>
  Busca un recurso adaptado de tipo System.Drawing.Bitmap.
</summary>
</member>
<member name="P:ConfiaAdmin.My.Resources.Resources.grupos_agregar">
<summary>
  Busca un recurso adaptado de tipo System.Drawing.Bitmap.
</summary>
</member>
<member name="P:ConfiaAdmin.My.Resources.Resources.home">
<summary>
  Busca un recurso adaptado de tipo System.Drawing.Bitmap.
</summary>
</member>
<member name="P:ConfiaAdmin.My.Resources.Resources.icono_catalogos">
<summary>
  Busca un recurso adaptado de tipo System.Drawing.Bitmap.
</summary>
</member>
<member name="P:ConfiaAdmin.My.Resources.Resources.icono_cerrar_empresa">
<summary>
  Busca un recurso adaptado de tipo System.Drawing.Bitmap.
</summary>
</member>
<member name="P:ConfiaAdmin.My.Resources.Resources.icono_home">
<summary>
  Busca un recurso adaptado de tipo System.Drawing.Bitmap.
</summary>
</member>
<member name="P:ConfiaAdmin.My.Resources.Resources.icono_producto_hogar">
<summary>
  Busca un recurso adaptado de tipo System.Drawing.Bitmap.
</summary>
</member>
<member name="P:ConfiaAdmin.My.Resources.Resources.icono_reportes">
<summary>
  Busca un recurso adaptado de tipo System.Drawing.Bitmap.
</summary>
</member>
<member name="P:ConfiaAdmin.My.Resources.Resources.icono_solicitudes">
<summary>
  Busca un recurso adaptado de tipo System.Drawing.Bitmap.
</summary>
</member>
<member name="P:ConfiaAdmin.My.Resources.Resources.images">
<summary>
  Busca un recurso adaptado de tipo System.Drawing.Bitmap.
</summary>
</member>
<member name="P:ConfiaAdmin.My.Resources.Resources.impuestos_mas">
<summary>
  Busca un recurso adaptado de tipo System.Drawing.Bitmap.
</summary>
</member>
<member name="P:ConfiaAdmin.My.Resources.Resources.inv">
<summary>
  Busca un recurso adaptado de tipo System.Drawing.Bitmap.
</summary>
</member>
<member name="P:ConfiaAdmin.My.Resources.Resources.kisspng_arrow_scalable_vector_graphics_computer_file_compu_download_svg_png_icon_free_download_513522_on_5c55a19ccfefb8_2177330715491158048517">
<summary>
  Busca un recurso adaptado de tipo System.Drawing.Bitmap.
</summary>
</member>
<member name="P:ConfiaAdmin.My.Resources.Resources.kisspng_computer_icons_symbol_download_5ae1ab4e6c54d2_8156834015247388944437">
<summary>
  Busca un recurso adaptado de tipo System.Drawing.Bitmap.
</summary>
</member>
<member name="P:ConfiaAdmin.My.Resources.Resources.lconfia">
<summary>
  Busca un recurso adaptado de tipo System.Drawing.Bitmap.
</summary>
</member>
<member name="P:ConfiaAdmin.My.Resources.Resources.Logo_Confia">
<summary>
  Busca un recurso adaptado de tipo System.Drawing.Bitmap.
</summary>
</member>
<member name="P:ConfiaAdmin.My.Resources.Resources.logo_dando_vueltas">
<summary>
  Busca un recurso adaptado de tipo System.Drawing.Bitmap.
</summary>
</member>
<member name="P:ConfiaAdmin.My.Resources.Resources.mas">
<summary>
  Busca un recurso adaptado de tipo System.Drawing.Bitmap.
</summary>
</member>
<member name="P:ConfiaAdmin.My.Resources.Resources.mas1">
<summary>
  Busca un recurso adaptado de tipo System.Drawing.Bitmap.
</summary>
</member>
<member name="P:ConfiaAdmin.My.Resources.Resources.mas2">
<summary>
  Busca un recurso adaptado de tipo System.Drawing.Bitmap.
</summary>
</member>
<member name="P:ConfiaAdmin.My.Resources.Resources.menu_alt_256">
<summary>
  Busca un recurso adaptado de tipo System.Drawing.Bitmap.
</summary>
</member>
<member name="P:ConfiaAdmin.My.Resources.Resources.minimizar_pestana">
<summary>
  Busca un recurso adaptado de tipo System.Drawing.Bitmap.
</summary>
</member>
<member name="P:ConfiaAdmin.My.Resources.Resources.modificar">
<summary>
  Busca un recurso adaptado de tipo System.Drawing.Bitmap.
</summary>
</member>
<member name="P:ConfiaAdmin.My.Resources.Resources.mostrar">
<summary>
  Busca un recurso adaptado de tipo System.Drawing.Bitmap.
</summary>
</member>
<member name="P:ConfiaAdmin.My.Resources.Resources.mostrar1">
<summary>
  Busca un recurso adaptado de tipo System.Drawing.Bitmap.
</summary>
</member>
<member name="P:ConfiaAdmin.My.Resources.Resources.mostrar2">
<summary>
  Busca un recurso adaptado de tipo System.Drawing.Bitmap.
</summary>
</member>
<member name="P:ConfiaAdmin.My.Resources.Resources.new_seo2_38_512">
<summary>
  Busca un recurso adaptado de tipo System.Drawing.Bitmap.
</summary>
</member>
<member name="P:ConfiaAdmin.My.Resources.Resources.notificacion">
<summary>
  Busca un recurso adaptado de tipo System.Drawing.Bitmap.
</summary>
</member>
<member name="P:ConfiaAdmin.My.Resources.Resources.ocultar">
<summary>
  Busca un recurso adaptado de tipo System.Drawing.Bitmap.
</summary>
</member>
<member name="P:ConfiaAdmin.My.Resources.Resources.ocultar1">
<summary>
  Busca un recurso adaptado de tipo System.Drawing.Bitmap.
</summary>
</member>
<member name="P:ConfiaAdmin.My.Resources.Resources.ojochico">
<summary>
  Busca un recurso adaptado de tipo System.Drawing.Bitmap.
</summary>
</member>
<member name="P:ConfiaAdmin.My.Resources.Resources.open_512">
<summary>
  Busca un recurso adaptado de tipo System.Drawing.Bitmap.
</summary>
</member>
<member name="P:ConfiaAdmin.My.Resources.Resources.pantalla_de_bienvenida">
<summary>
  Busca un recurso adaptado de tipo System.Drawing.Bitmap.
</summary>
</member>
<member name="P:ConfiaAdmin.My.Resources.Resources.proveedores">
<summary>
  Busca un recurso adaptado de tipo System.Drawing.Bitmap.
</summary>
</member>
<member name="P:ConfiaAdmin.My.Resources.Resources.reporte_png_3">
<summary>
  Busca un recurso adaptado de tipo System.Drawing.Bitmap.
</summary>
</member>
<member name="P:ConfiaAdmin.My.Resources.Resources.reproductor">
<summary>
  Busca un recurso adaptado de tipo System.Drawing.Bitmap.
</summary>
</member>
<member name="P:ConfiaAdmin.My.Resources.Resources.SATI">
<summary>
  Busca un recurso adaptado de tipo System.Drawing.Bitmap.
</summary>
</member>
<member name="P:ConfiaAdmin.My.Resources.Resources.SATI1">
<summary>
  Busca un recurso adaptado de tipo System.Drawing.Bitmap.
</summary>
</member>
<member name="P:ConfiaAdmin.My.Resources.Resources.usr">
<summary>
  Busca un recurso adaptado de tipo System.Drawing.Bitmap.
</summary>
</member>
<member name="P:ConfiaAdmin.My.Resources.Resources.usuario">
<summary>
  Busca un recurso adaptado de tipo System.Drawing.Bitmap.
</summary>
</member>
<member name="P:ConfiaAdmin.My.Resources.Resources.usuario_agregar">
<summary>
  Busca un recurso adaptado de tipo System.Drawing.Bitmap.
</summary>
</member>
<member name="P:ConfiaAdmin.My.Resources.Resources.usuarionegro">
<summary>
  Busca un recurso adaptado de tipo System.Drawing.Bitmap.
</summary>
</member>
<member name="P:ConfiaAdmin.My.Resources.Resources.usuarios">
<summary>
  Busca un recurso adaptado de tipo System.Drawing.Bitmap.
</summary>
</member>
</members>
</doc>
