﻿<?xml version="1.0"?>
<doc>
<assembly>
<name>
MetalYoutubeUtils
</name>
</assembly>
<members>
<member name="P:MetalYouTubeUtils.My.Resources.Resources.ResourceManager">
	<summary>
  Devuelve la instancia de ResourceManager almacenada en caché utilizada por esta clase.
</summary>
</member><member name="P:MetalYouTubeUtils.My.Resources.Resources.Culture">
	<summary>
  Reemplaza la propiedad CurrentUICulture del subproceso actual para todas las
  búsquedas de recursos mediante esta clase de recurso con establecimiento inflexible de tipos.
</summary>
</member><member name="T:MetalYouTubeUtils.My.Resources.Resources">
	<summary>
  Clase de recurso con establecimiento inflexible de tipos, para buscar cadenas traducidas, etc.
</summary>
</member>
</members>
</doc>